{
	"__comment": "Designed by Sibsib92 with BDcraft Cubik Studio",
	"ambientocclusion": false,
	"textures": {
		"particle": "block/pink",
		"steel": "block/cauldron_inner",
		"handle": "block/item_frame"
	},
	"elements": [ 	 
		{
			"from": [ 7.5, 5, 7.25 ],
			"to": [ 8.5, 9, 8.75 ],
			"faces": {
				"down": { "uv": [ 8.488999, 8.738999, 7.511, 7.261 ], "texture": "#particle" },
				"north": { "uv": [ 7.511, 10.511, 8.488999, 14.489 ], "texture": "#particle" },
				"south": { "uv": [ 7.511, 10.511, 8.488999, 14.489 ], "texture": "#particle" },
				"west": { "uv": [ 7.261, 10.511, 8.738999, 14.489 ], "texture": "#particle" },
				"east": { "uv": [ 7.261, 10.511, 8.738999, 14.489 ], "texture": "#particle" }
			}
		},
		{
			"from": [ 7.25, 5, 7.5 ],
			"to": [ 8.75, 9, 8.5 ],
			"faces": {
				"down": { "uv": [ 8.738999, 8.488999, 7.261, 7.511 ], "texture": "#particle" },
				"north": { "uv": [ 7.261, 10.511, 8.738999, 14.489 ], "texture": "#particle" },
				"south": { "uv": [ 7.261, 10.511, 8.738999, 14.489 ], "texture": "#particle" },
				"west": { "uv": [ 7.511, 10.511, 8.488999, 14.489 ], "texture": "#particle" },
				"east": { "uv": [ 7.511, 10.511, 8.488999, 14.489 ], "texture": "#particle" }
			}
		},
		{
			"from": [ 7, 13, 7 ],
			"to": [ 9, 18, 9 ],
			"faces": {
				"down": { "uv": [ 8.988999, 8.988999, 7.011, 7.011 ], "texture": "#particle" },
				"up": { "uv": [ 7.011, 7.011, 8.988999, 8.988999 ], "texture": "#particle" },
				"north": { "uv": [ 7.011, 1.511, 8.988999, 6.489 ], "texture": "#particle" },
				"south": { "uv": [ 7.011, 1.511, 8.988999, 6.489 ], "texture": "#particle" },
				"west": { "uv": [ 7.011, 1.511, 8.988999, 6.489 ], "texture": "#particle" },
				"east": { "uv": [ 7.011, 1.511, 8.988999, 6.489 ], "texture": "#particle" }
			}
		},
		{
			"from": [ 7.5, 13, 6.5 ],
			"to": [ 8.5, 17.5, 9.5 ],
			"faces": {
				"down": { "uv": [ 8.488999, 9.488999, 7.511, 6.511 ], "texture": "#particle" },
				"up": { "uv": [ 7.511, 6.511, 8.488999, 9.488999 ], "texture": "#particle" },
				"north": { "uv": [ 7.511, 2.010999, 8.488999, 6.489 ], "texture": "#particle" },
				"south": { "uv": [ 7.511, 2.010999, 8.488999, 6.489 ], "texture": "#particle" },
				"west": { "uv": [ 6.511, 2.010999, 9.488999, 6.489 ], "texture": "#particle" },
				"east": { "uv": [ 6.511, 2.010999, 9.488999, 6.489 ], "texture": "#particle" }
			}
		},
		{
			"from": [ 6.5, 13, 7.5 ],
			"to": [ 9.5, 17.5, 8.5 ],
			"faces": {
				"down": { "uv": [ 9.488999, 8.488999, 6.511, 7.511 ], "texture": "#particle" },
				"up": { "uv": [ 6.511, 7.511, 9.488999, 8.488999 ], "texture": "#particle" },
				"north": { "uv": [ 6.511, 2.010999, 9.488999, 6.489 ], "texture": "#particle" },
				"south": { "uv": [ 6.511, 2.010999, 9.488999, 6.489 ], "texture": "#particle" },
				"west": { "uv": [ 7.511, 2.010999, 8.488999, 6.489 ], "texture": "#particle" },
				"east": { "uv": [ 7.511, 2.010999, 8.488999, 6.489 ], "texture": "#particle" }
			}
		},
		{
			"from": [ 7.5, 9, 7 ],
			"to": [ 8.5, 13, 9 ],
			"faces": {
				"down": { "uv": [ 8.488999, 8.988999, 7.511, 7.011 ], "texture": "#particle" },
				"north": { "uv": [ 7.511, 6.511, 8.488999, 10.489 ], "texture": "#particle" },
				"south": { "uv": [ 7.511, 6.511, 8.488999, 10.489 ], "texture": "#particle" },
				"west": { "uv": [ 7.011, 6.511, 8.988999, 10.489 ], "texture": "#particle" },
				"east": { "uv": [ 7.011, 6.511, 8.988999, 10.489 ], "texture": "#particle" }
			}
		},
		{
			"from": [ 7, 9, 7.5 ],
			"to": [ 9, 13, 8.5 ],
			"faces": {
				"down": { "uv": [ 8.988999, 8.488999, 7.011, 7.511 ], "texture": "#particle" },
				"north": { "uv": [ 7.011, 6.511, 8.988999, 10.489 ], "texture": "#particle" },
				"south": { "uv": [ 7.011, 6.511, 8.988999, 10.489 ], "texture": "#particle" },
				"west": { "uv": [ 7.511, 6.511, 8.488999, 10.489 ], "texture": "#particle" },
				"east": { "uv": [ 7.511, 6.511, 8.488999, 10.489 ], "texture": "#particle" }
			}
		},
		{
			"from": [ 7.25, 18, 7.5 ],
			"to": [ 8.75, 18.5, 8.5 ],
			"faces": {
				"up": { "uv": [ 7.261, 7.511, 8.738999, 8.488999 ], "texture": "#particle" },
				"north": { "uv": [ 7.261, 1.011, 8.738999, 1.489 ], "texture": "#particle" },
				"south": { "uv": [ 7.261, 1.011, 8.738999, 1.489 ], "texture": "#particle" },
				"west": { "uv": [ 7.511, 1.011, 8.488999, 1.489 ], "texture": "#particle" },
				"east": { "uv": [ 7.511, 1.011, 8.488999, 1.489 ], "texture": "#particle" }
			}
		},
		{
			"from": [ 7.5, 18, 7.25 ],
			"to": [ 8.5, 18.495, 8.75 ],
			"faces": {
				"up": { "uv": [ 7.511, 7.261, 8.488999, 8.738999 ], "texture": "#particle" },
				"north": { "uv": [ 7.511, 1.011, 8.488999, 1.489 ], "texture": "#particle" },
				"south": { "uv": [ 7.511, 1.011, 8.488999, 1.489 ], "texture": "#particle" },
				"west": { "uv": [ 7.261, 1.011, 8.738999, 1.489 ], "texture": "#particle" },
				"east": { "uv": [ 7.261, 1.011, 8.738999, 1.489 ], "texture": "#particle" }
			}
		},
		{
			"from": [ 7, 0, 7.25 ],
			"to": [ 9, 1, 8.75 ],
			"faces": {
				"down": { "uv": [ 8.988999, 8.738999, 7.011, 7.261 ], "texture": "#steel" },
				"up": { "uv": [ 7.011, 7.261, 8.988999, 8.738999 ], "texture": "#steel" },
				"north": { "uv": [ 7.011, 15.011, 8.988999, 15.989 ], "texture": "#steel" },
				"south": { "uv": [ 7.011, 15.011, 8.988999, 15.989 ], "texture": "#steel" },
				"west": { "uv": [ 7.261, 15.011, 8.738999, 15.989 ], "texture": "#steel" },
				"east": { "uv": [ 7.261, 15.011, 8.738999, 15.989 ], "texture": "#steel" }
			}
		},
		{
			"from": [ 7.25, 0.005, 7 ],
			"to": [ 8.75, 0.995, 9 ],
			"faces": {
				"down": { "uv": [ 8.738999, 8.988999, 7.261, 7.011 ], "texture": "#steel" },
				"up": { "uv": [ 7.261, 7.011, 8.738999, 8.988999 ], "texture": "#steel" },
				"north": { "uv": [ 7.261, 15.011, 8.738999, 15.989 ], "texture": "#steel" },
				"south": { "uv": [ 7.261, 15.011, 8.738999, 15.989 ], "texture": "#steel" },
				"west": { "uv": [ 7.011, 15.011, 8.988999, 15.989 ], "texture": "#steel" },
				"east": { "uv": [ 7.011, 15.011, 8.988999, 15.989 ], "texture": "#steel" }
			}
		},
		{
			"from": [ 7.5, 1, 7.5 ],
			"to": [ 8.5, 5, 8.5 ],
			"faces": {
				"north": { "uv": [ 7.51, 6.01, 8.49, 9.99 ], "texture": "#handle" },
				"south": { "uv": [ 7.51, 6.01, 8.49, 9.99 ], "texture": "#handle" },
				"west": { "uv": [ 7.51, 6.01, 8.49, 9.99 ], "texture": "#handle" },
				"east": { "uv": [ 7.51, 6.01, 8.49, 9.99 ], "texture": "#handle" }
			}
		}
	],
	"display": {
		"thirdperson_righthand": {
			"rotation":  [ 0, -90, -10 ],
			"translation":  [ 0, 3, 2 ]
		},
		"thirdperson_lefthand": {
			"rotation":  [ 0, -90, -10 ],
			"translation":  [ 0, 3, 2 ]
		},
		"firstperson_righthand": {
			"rotation":  [ 0, -90, -10 ],
			"translation":  [ 1.12, 2.2, 1.12 ],
			"scale":  [ 0.68, 0.68, 0.68 ]
		},
		"firstperson_lefthand": {
			"rotation":  [ 0, -90, -10 ],
			"translation":  [ 1.12, 2.2, 1.12 ],
			"scale":  [ 0.68, 0.68, 0.68 ]
		},
		"gui": {
			"rotation":  [ 45, 25, -45 ],
			"translation":  [ -0.5, -1, 0 ]
		},
		"head": {
			"rotation":  [ 0, 0, 135 ],
			"translation":  [ 4, 8, 0 ],
			"scale":  [ 1.25, 1.25, 1.25 ]
		},
		"ground": {
			"translation":  [ 0, 3, 0 ],
			"scale":  [ 0.5, 0.5, 0.5 ]
		},
		"fixed": {
			"translation":  [ 0, -1, 0 ],
			"scale":  [ 0.75, 0.75, 0.75 ]
		}
	}
}